<?xml version="1.0" encoding="UTF-8" ?>
<configuration>
    <jmxConfigurator/>
    <springProperty scope="context" name="LOG_PATH" source="log.path" defaultValue="log"/>
    <property name="DEFAULT-PATTERN"
              value="%d [%t] %-5p [%tid] %c{2}:%L - [%m]%n"/>
    <property name="ARCHIVE_FORMAT" value="%d{yyyy-MM-dd}.%i.log.gz"/>
    <property name="MAX_FILE_SIZE" value="1024MB"/>
    <property name="MAX_HISTORY" value="30"/>

    <appender name="CONSOLE" class="ch.qos.logback.core.ConsoleAppender">
        <encoder charset="UTF-8" class="ch.qos.logback.core.encoder.LayoutWrappingEncoder">
            <layout class="org.apache.skywalking.apm.toolkit.log.logback.v1.x.TraceIdPatternLogbackLayout">
                <pattern>${DEFAULT-PATTERN}</pattern>
            </layout>
        </encoder>
    </appender>

    <root level="INFO">
        <appender-ref ref="CONSOLE"/>
    </root>
</configuration>